rank,name,imdbLink,year,rating,votes
1,The Shawshank Redemption,http://www.imdb.com/title/tt0111161/?ref_=chttp_tt_1,1994,9.2,"9.2 based on 1,079,216 votes"
2,The Godfather,http://www.imdb.com/title/tt0068646/?ref_=chttp_tt_2,1972,9.2,"9.2 based on 756,065 votes"
3,The Godfather: Part II,http://www.imdb.com/title/tt0071562/?ref_=chttp_tt_3,1974,9,"9.0 based on 492,865 votes"
4,Pulp Fiction,http://www.imdb.com/title/tt0110912/?ref_=chttp_tt_4,1994,8.9,"8.9 based on 837,219 votes"
5,"The Good, the Bad and the Ugly",http://www.imdb.com/title/tt0060196/?ref_=chttp_tt_5,1966,8.9,"8.9 based on 325,670 votes"
6,The Dark Knight,http://www.imdb.com/title/tt0468569/?ref_=chttp_tt_6,2008,8.9,"8.9 based on 1,052,824 votes"
7,12 Angry Men,http://www.imdb.com/title/tt0050083/?ref_=chttp_tt_7,1957,8.9,"8.9 based on 266,756 votes"
8,Schindler's List,http://www.imdb.com/title/tt0108052/?ref_=chttp_tt_8,1993,8.9,"8.9 based on 550,068 votes"
9,The Lord of the Rings: The Return of the King,http://www.imdb.com/title/tt0167260/?ref_=chttp_tt_9,2003,8.8,"8.8 based on 764,643 votes"
10,Fight Club,http://www.imdb.com/title/tt0137523/?ref_=chttp_tt_10,1999,8.8,"8.8 based on 821,323 votes"
11,Star Wars: Episode V - The Empire Strikes Back,http://www.imdb.com/title/tt0080684/?ref_=chttp_tt_11,1980,8.8,"8.8 based on 523,385 votes"
12,The Lord of the Rings: The Fellowship of the Ring,http://www.imdb.com/title/tt0120737/?ref_=chttp_tt_12,2001,8.8,"8.8 based on 791,099 votes"
13,One Flew Over the Cuckoo's Nest,http://www.imdb.com/title/tt0073486/?ref_=chttp_tt_13,1975,8.7,"8.7 based on 450,482 votes"
14,Goodfellas,http://www.imdb.com/title/tt0099685/?ref_=chttp_tt_14,1990,8.7,"8.7 based on 469,223 votes"
15,Seven Samurai,http://www.imdb.com/title/tt0047478/?ref_=chttp_tt_15,1954,8.7,"8.7 based on 162,761 votes"
16,Inception,http://www.imdb.com/title/tt1375666/?ref_=chttp_tt_16,2010,8.7,"8.7 based on 850,118 votes"
17,Star Wars: Episode IV - A New Hope,http://www.imdb.com/title/tt0076759/?ref_=chttp_tt_17,1977,8.7,"8.7 based on 588,700 votes"
18,Forrest Gump,http://www.imdb.com/title/tt0109830/?ref_=chttp_tt_18,1994,8.7,"8.7 based on 718,779 votes"
19,The Matrix,http://www.imdb.com/title/tt0133093/?ref_=chttp_tt_19,1999,8.7,"8.7 based on 776,788 votes"
20,The Lord of the Rings: The Two Towers,http://www.imdb.com/title/tt0167261/?ref_=chttp_tt_20,2002,8.7,"8.7 based on 686,516 votes"
21,City of God,http://www.imdb.com/title/tt0317248/?ref_=chttp_tt_21,2002,8.6,"8.6 based on 352,763 votes"
22,Once Upon a Time in the West,http://www.imdb.com/title/tt0064116/?ref_=chttp_tt_22,1968,8.6,"8.6 based on 146,810 votes"
23,The Silence of the Lambs,http://www.imdb.com/title/tt0102926/?ref_=chttp_tt_23,1991,8.6,"8.6 based on 532,664 votes"
24,Se7en,http://www.imdb.com/title/tt0114369/?ref_=chttp_tt_24,1995,8.6,"8.6 based on 630,988 votes"
25,Casablanca,http://www.imdb.com/title/tt0034583/?ref_=chttp_tt_25,1942,8.6,"8.6 based on 280,079 votes"
26,The Usual Suspects,http://www.imdb.com/title/tt0114814/?ref_=chttp_tt_26,1995,8.6,"8.6 based on 484,970 votes"
27,Raiders of the Lost Ark,http://www.imdb.com/title/tt0082971/?ref_=chttp_tt_27,1981,8.6,"8.6 based on 442,486 votes"
28,Rear Window,http://www.imdb.com/title/tt0047396/?ref_=chttp_tt_28,1954,8.6,"8.6 based on 214,538 votes"
29,It's a Wonderful Life,http://www.imdb.com/title/tt0038650/?ref_=chttp_tt_29,1946,8.6,"8.6 based on 181,018 votes"
30,Psycho,http://www.imdb.com/title/tt0054215/?ref_=chttp_tt_30,1960,8.6,"8.6 based on 274,393 votes"
31,Léon: The Professional,http://www.imdb.com/title/tt0110413/?ref_=chttp_tt_31,1994,8.6,"8.6 based on 458,574 votes"
32,Sunset Blvd.,http://www.imdb.com/title/tt0043014/?ref_=chttp_tt_32,1950,8.5,"8.5 based on 96,224 votes"
33,American History X,http://www.imdb.com/title/tt0120586/?ref_=chttp_tt_33,1998,8.5,"8.5 based on 500,344 votes"
34,Memento,http://www.imdb.com/title/tt0209144/?ref_=chttp_tt_34,2000,8.5,"8.5 based on 561,342 votes"
35,Terminator 2: Judgment Day,http://www.imdb.com/title/tt0103064/?ref_=chttp_tt_35,1991,8.5,"8.5 based on 483,661 votes"
36,Apocalypse Now,http://www.imdb.com/title/tt0078788/?ref_=chttp_tt_36,1979,8.5,"8.5 based on 311,541 votes"
37,Saving Private Ryan,http://www.imdb.com/title/tt0120815/?ref_=chttp_tt_37,1998,8.5,"8.5 based on 551,379 votes"
38,City Lights,http://www.imdb.com/title/tt0021749/?ref_=chttp_tt_38,1931,8.5,"8.5 based on 63,508 votes"
39,Dr. Strangelove or: How I Learned to Stop Worrying and Love the Bomb,http://www.imdb.com/title/tt0057012/?ref_=chttp_tt_39,1964,8.5,"8.5 based on 250,258 votes"
40,Alien,http://www.imdb.com/title/tt0078748/?ref_=chttp_tt_40,1979,8.5,"8.5 based on 363,055 votes"
41,Spirited Away,http://www.imdb.com/title/tt0245429/?ref_=chttp_tt_41,2001,8.5,"8.5 based on 246,889 votes"
42,Modern Times,http://www.imdb.com/title/tt0027977/?ref_=chttp_tt_42,1936,8.5,"8.5 based on 81,112 votes"
43,North by Northwest,http://www.imdb.com/title/tt0053125/?ref_=chttp_tt_43,1959,8.5,"8.5 based on 156,630 votes"
44,Gravity,http://www.imdb.com/title/tt1454468/?ref_=chttp_tt_44,2013,8.5,"8.5 based on 107,842 votes"
45,Back to the Future,http://www.imdb.com/title/tt0088763/?ref_=chttp_tt_45,1985,8.5,"8.5 based on 437,572 votes"
46,Life Is Beautiful,http://www.imdb.com/title/tt0118799/?ref_=chttp_tt_46,1997,8.5,"8.5 based on 239,910 votes"
47,The Pianist,http://www.imdb.com/title/tt0253474/?ref_=chttp_tt_47,2002,8.4,"8.4 based on 300,017 votes"
48,Citizen Kane,http://www.imdb.com/title/tt0033467/?ref_=chttp_tt_48,1941,8.4,"8.4 based on 217,469 votes"
49,The Shining,http://www.imdb.com/title/tt0081505/?ref_=chttp_tt_49,1980,8.4,"8.4 based on 383,702 votes"
50,M,http://www.imdb.com/title/tt0022100/?ref_=chttp_tt_50,1931,8.4,"8.4 based on 69,284 votes"
51,The Departed,http://www.imdb.com/title/tt0407887/?ref_=chttp_tt_51,2006,8.4,"8.4 based on 544,831 votes"
52,Paths of Glory,http://www.imdb.com/title/tt0050825/?ref_=chttp_tt_52,1957,8.4,"8.4 based on 79,374 votes"
53,Vertigo,http://www.imdb.com/title/tt0052357/?ref_=chttp_tt_53,1958,8.4,"8.4 based on 164,019 votes"
54,The Intouchables,http://www.imdb.com/title/tt1675434/?ref_=chttp_tt_54,2011,8.4,"8.4 based on 229,382 votes"
55,American Beauty,http://www.imdb.com/title/tt0169547/?ref_=chttp_tt_55,1999,8.4,"8.4 based on 559,628 votes"
56,Django Unchained,http://www.imdb.com/title/tt1853728/?ref_=chttp_tt_56,2012,8.4,"8.4 based on 464,352 votes"
57,The Dark Knight Rises,http://www.imdb.com/title/tt1345836/?ref_=chttp_tt_57,2012,8.4,"8.4 based on 682,810 votes"
58,Gladiator,http://www.imdb.com/title/tt0172495/?ref_=chttp_tt_58,2000,8.4,"8.4 based on 603,321 votes"
59,The Green Mile,http://www.imdb.com/title/tt0120689/?ref_=chttp_tt_59,1999,8.4,"8.4 based on 452,243 votes"
60,Aliens,http://www.imdb.com/title/tt0090605/?ref_=chttp_tt_60,1986,8.4,"8.4 based on 328,261 votes"
61,Double Indemnity,http://www.imdb.com/title/tt0036775/?ref_=chttp_tt_61,1944,8.4,"8.4 based on 66,707 votes"
62,Taxi Driver,http://www.imdb.com/title/tt0075314/?ref_=chttp_tt_62,1976,8.4,"8.4 based on 323,605 votes"
63,WALL·E,http://www.imdb.com/title/tt0910970/?ref_=chttp_tt_63,2008,8.4,"8.4 based on 434,640 votes"
64,The Lives of Others,http://www.imdb.com/title/tt0405094/?ref_=chttp_tt_64,2006,8.4,"8.4 based on 169,419 votes"
65,Toy Story 3,http://www.imdb.com/title/tt0435761/?ref_=chttp_tt_65,2010,8.4,"8.4 based on 323,167 votes"
66,The Great Dictator,http://www.imdb.com/title/tt0032553/?ref_=chttp_tt_66,1940,8.4,"8.4 based on 79,169 votes"
67,The Prestige,http://www.imdb.com/title/tt0482571/?ref_=chttp_tt_67,2006,8.4,"8.4 based on 502,855 votes"
68,Amélie,http://www.imdb.com/title/tt0211915/?ref_=chttp_tt_68,2001,8.4,"8.4 based on 353,410 votes"
69,A Clockwork Orange,http://www.imdb.com/title/tt0066921/?ref_=chttp_tt_69,1971,8.4,"8.4 based on 359,177 votes"
70,Lawrence of Arabia,http://www.imdb.com/title/tt0056172/?ref_=chttp_tt_70,1962,8.4,"8.4 based on 131,211 votes"
71,To Kill a Mockingbird,http://www.imdb.com/title/tt0056592/?ref_=chttp_tt_71,1962,8.4,"8.4 based on 144,094 votes"
72,Reservoir Dogs,http://www.imdb.com/title/tt0105236/?ref_=chttp_tt_72,1992,8.4,"8.4 based on 419,871 votes"
73,Das Boot,http://www.imdb.com/title/tt0082096/?ref_=chttp_tt_73,1981,8.3,"8.3 based on 119,327 votes"
74,Cinema Paradiso,http://www.imdb.com/title/tt0095765/?ref_=chttp_tt_74,1988,8.3,"8.3 based on 93,971 votes"
75,The Treasure of the Sierra Madre,http://www.imdb.com/title/tt0040897/?ref_=chttp_tt_75,1948,8.3,"8.3 based on 55,806 votes"
76,The Lion King,http://www.imdb.com/title/tt0110357/?ref_=chttp_tt_76,1994,8.3,"8.3 based on 365,197 votes"
77,Once Upon a Time in America,http://www.imdb.com/title/tt0087843/?ref_=chttp_tt_77,1984,8.3,"8.3 based on 147,360 votes"
78,Requiem for a Dream,http://www.imdb.com/title/tt0180093/?ref_=chttp_tt_78,2000,8.3,"8.3 based on 381,534 votes"
79,Star Wars: Episode VI - Return of the Jedi,http://www.imdb.com/title/tt0086190/?ref_=chttp_tt_79,1983,8.3,"8.3 based on 412,662 votes"
80,The Third Man,http://www.imdb.com/title/tt0041959/?ref_=chttp_tt_80,1949,8.3,"8.3 based on 81,495 votes"
81,Braveheart,http://www.imdb.com/title/tt0112573/?ref_=chttp_tt_81,1995,8.3,"8.3 based on 483,605 votes"
82,Eternal Sunshine of the Spotless Mind,http://www.imdb.com/title/tt0338013/?ref_=chttp_tt_82,2004,8.3,"8.3 based on 440,607 votes"
83,Full Metal Jacket,http://www.imdb.com/title/tt0093058/?ref_=chttp_tt_83,1987,8.3,"8.3 based on 308,101 votes"
84,Oldboy,http://www.imdb.com/title/tt0364569/?ref_=chttp_tt_84,2003,8.3,"8.3 based on 219,906 votes"
85,L.A. Confidential,http://www.imdb.com/title/tt0119488/?ref_=chttp_tt_85,1997,8.3,"8.3 based on 298,793 votes"
86,Metropolis,http://www.imdb.com/title/tt0017136/?ref_=chttp_tt_86,1927,8.3,"8.3 based on 75,492 votes"
87,Singin' in the Rain,http://www.imdb.com/title/tt0045152/?ref_=chttp_tt_87,1952,8.3,"8.3 based on 100,665 votes"
88,Chinatown,http://www.imdb.com/title/tt0071315/?ref_=chttp_tt_88,1974,8.3,"8.3 based on 148,918 votes"
89,Some Like It Hot,http://www.imdb.com/title/tt0053291/?ref_=chttp_tt_89,1959,8.3,"8.3 based on 120,976 votes"
90,Rashomon,http://www.imdb.com/title/tt0042876/?ref_=chttp_tt_90,1950,8.3,"8.3 based on 69,365 votes"
91,Bicycle Thieves,http://www.imdb.com/title/tt0040522/?ref_=chttp_tt_91,1948,8.3,"8.3 based on 58,020 votes"
92,Amadeus,http://www.imdb.com/title/tt0086879/?ref_=chttp_tt_92,1984,8.3,"8.3 based on 184,471 votes"
93,All About Eve,http://www.imdb.com/title/tt0042192/?ref_=chttp_tt_93,1950,8.3,"8.3 based on 57,734 votes"
94,Princess Mononoke,http://www.imdb.com/title/tt0119698/?ref_=chttp_tt_94,1997,8.3,"8.3 based on 136,897 votes"
95,Monty Python and the Holy Grail,http://www.imdb.com/title/tt0071853/?ref_=chttp_tt_95,1975,8.3,"8.3 based on 266,679 votes"
96,2001: A Space Odyssey,http://www.imdb.com/title/tt0062622/?ref_=chttp_tt_96,1968,8.3,"8.3 based on 276,639 votes"
97,The Sting,http://www.imdb.com/title/tt0070735/?ref_=chttp_tt_97,1973,8.3,"8.3 based on 118,674 votes"
98,Witness for the Prosecution,http://www.imdb.com/title/tt0051201/?ref_=chttp_tt_98,1957,8.3,"8.3 based on 36,668 votes"
99,The Apartment,http://www.imdb.com/title/tt0053604/?ref_=chttp_tt_99,1960,8.3,"8.3 based on 71,474 votes"
100,Unforgiven,http://www.imdb.com/title/tt0105695/?ref_=chttp_tt_100,1992,8.3,"8.3 based on 191,808 votes"
101,Grave of the Fireflies,http://www.imdb.com/title/tt0095327/?ref_=chttp_tt_101,1988,8.3,"8.3 based on 76,542 votes"
102,Indiana Jones and the Last Crusade,http://www.imdb.com/title/tt0097576/?ref_=chttp_tt_102,1989,8.3,"8.3 based on 338,249 votes"
103,Raging Bull,http://www.imdb.com/title/tt0081398/?ref_=chttp_tt_103,1980,8.3,"8.3 based on 161,395 votes"
104,The Bridge on the River Kwai,http://www.imdb.com/title/tt0050212/?ref_=chttp_tt_104,1957,8.3,"8.3 based on 103,029 votes"
105,Die Hard,http://www.imdb.com/title/tt0095016/?ref_=chttp_tt_105,1988,8.3,"8.3 based on 397,852 votes"
106,Batman Begins,http://www.imdb.com/title/tt0372784/?ref_=chttp_tt_106,2005,8.2,"8.2 based on 609,495 votes"
107,Yojimbo,http://www.imdb.com/title/tt0055630/?ref_=chttp_tt_107,1961,8.2,"8.2 based on 50,108 votes"
108,A Separation,http://www.imdb.com/title/tt1832382/?ref_=chttp_tt_108,2011,8.2,"8.2 based on 93,875 votes"
109,Snatch.,http://www.imdb.com/title/tt0208092/?ref_=chttp_tt_109,2000,8.2,"8.2 based on 395,217 votes"
110,Inglourious Basterds,http://www.imdb.com/title/tt0361748/?ref_=chttp_tt_110,2009,8.2,"8.2 based on 510,176 votes"
111,For a Few Dollars More,http://www.imdb.com/title/tt0059578/?ref_=chttp_tt_111,1965,8.2,"8.2 based on 95,297 votes"
112,Toy Story,http://www.imdb.com/title/tt0114709/?ref_=chttp_tt_112,1995,8.2,"8.2 based on 372,985 votes"
113,Pan's Labyrinth,http://www.imdb.com/title/tt0457430/?ref_=chttp_tt_113,2006,8.2,"8.2 based on 315,381 votes"
114,The Great Escape,http://www.imdb.com/title/tt0057115/?ref_=chttp_tt_114,1963,8.2,"8.2 based on 111,336 votes"
115,Mr. Smith Goes to Washington,http://www.imdb.com/title/tt0031679/?ref_=chttp_tt_115,1939,8.2,"8.2 based on 54,789 votes"
116,Downfall,http://www.imdb.com/title/tt0363163/?ref_=chttp_tt_116,2004,8.2,"8.2 based on 169,741 votes"
117,On the Waterfront,http://www.imdb.com/title/tt0047296/?ref_=chttp_tt_117,1954,8.2,"8.2 based on 69,330 votes"
118,Up,http://www.imdb.com/title/tt1049413/?ref_=chttp_tt_118,2009,8.2,"8.2 based on 381,376 votes"
119,Heat,http://www.imdb.com/title/tt0113277/?ref_=chttp_tt_119,1995,8.2,"8.2 based on 299,376 votes"
120,The Kid,http://www.imdb.com/title/tt0012349/?ref_=chttp_tt_120,1921,8.2,"8.2 based on 35,758 votes"
121,The General,http://www.imdb.com/title/tt0017925/?ref_=chttp_tt_121,1926,8.2,"8.2 based on 35,013 votes"
122,The Elephant Man,http://www.imdb.com/title/tt0080678/?ref_=chttp_tt_122,1980,8.2,"8.2 based on 111,778 votes"
123,The Seventh Seal,http://www.imdb.com/title/tt0050976/?ref_=chttp_tt_123,1957,8.2,"8.2 based on 74,831 votes"
124,Blade Runner,http://www.imdb.com/title/tt0083658/?ref_=chttp_tt_124,1982,8.2,"8.2 based on 328,585 votes"
125,The Maltese Falcon,http://www.imdb.com/title/tt0033870/?ref_=chttp_tt_125,1941,8.2,"8.2 based on 81,519 votes"
126,Scarface,http://www.imdb.com/title/tt0086250/?ref_=chttp_tt_126,1983,8.2,"8.2 based on 346,977 votes"
127,Ikiru,http://www.imdb.com/title/tt0044741/?ref_=chttp_tt_127,1952,8.2,"8.2 based on 27,339 votes"
128,Rebecca,http://www.imdb.com/title/tt0032976/?ref_=chttp_tt_128,1940,8.2,"8.2 based on 61,493 votes"
129,Wild Strawberries,http://www.imdb.com/title/tt0050986/?ref_=chttp_tt_129,1957,8.2,"8.2 based on 42,043 votes"
130,Gran Torino,http://www.imdb.com/title/tt1205489/?ref_=chttp_tt_130,2008,8.2,"8.2 based on 370,469 votes"
131,Fargo,http://www.imdb.com/title/tt0116282/?ref_=chttp_tt_131,1996,8.2,"8.2 based on 287,479 votes"
132,Ran,http://www.imdb.com/title/tt0089881/?ref_=chttp_tt_132,1985,8.2,"8.2 based on 55,462 votes"
133,The Big Lebowski,http://www.imdb.com/title/tt0118715/?ref_=chttp_tt_133,1998,8.2,"8.2 based on 351,009 votes"
134,It Happened One Night,http://www.imdb.com/title/tt0025316/?ref_=chttp_tt_134,1934,8.2,"8.2 based on 43,490 votes"
135,The Gold Rush,http://www.imdb.com/title/tt0015864/?ref_=chttp_tt_135,1925,8.2,"8.2 based on 41,782 votes"
136,Touch of Evil,http://www.imdb.com/title/tt0052311/?ref_=chttp_tt_136,1958,8.1,"8.1 based on 52,742 votes"
137,The Deer Hunter,http://www.imdb.com/title/tt0077416/?ref_=chttp_tt_137,1978,8.1,"8.1 based on 162,607 votes"
138,Cool Hand Luke,http://www.imdb.com/title/tt0061512/?ref_=chttp_tt_138,1967,8.1,"8.1 based on 84,995 votes"
139,The Hunt,http://www.imdb.com/title/tt2106476/?ref_=chttp_tt_139,2012,8.1,"8.1 based on 42,653 votes"
140,Diabolique,http://www.imdb.com/title/tt0046911/?ref_=chttp_tt_140,1955,8.1,"8.1 based on 27,012 votes"
141,"Lock, Stock and Two Smoking Barrels",http://www.imdb.com/title/tt0120735/?ref_=chttp_tt_141,1998,8.1,"8.1 based on 279,678 votes"
142,Judgment at Nuremberg,http://www.imdb.com/title/tt0055031/?ref_=chttp_tt_142,1961,8.1,"8.1 based on 26,008 votes"
143,The Sixth Sense,http://www.imdb.com/title/tt0167404/?ref_=chttp_tt_143,1999,8.1,"8.1 based on 478,996 votes"
144,Good Will Hunting,http://www.imdb.com/title/tt0119217/?ref_=chttp_tt_144,1997,8.1,"8.1 based on 370,208 votes"
145,No Country for Old Men,http://www.imdb.com/title/tt0477348/?ref_=chttp_tt_145,2007,8.1,"8.1 based on 400,335 votes"
146,Butch Cassidy and the Sundance Kid,http://www.imdb.com/title/tt0064115/?ref_=chttp_tt_146,1969,8.1,"8.1 based on 103,664 votes"
147,Casino,http://www.imdb.com/title/tt0112641/?ref_=chttp_tt_147,1995,8.1,"8.1 based on 218,158 votes"
148,Gone with the Wind,http://www.imdb.com/title/tt0031381/?ref_=chttp_tt_148,1939,8.1,"8.1 based on 149,118 votes"
149,Jaws,http://www.imdb.com/title/tt0073195/?ref_=chttp_tt_149,1975,8.1,"8.1 based on 269,666 votes"
150,Platoon,http://www.imdb.com/title/tt0091763/?ref_=chttp_tt_150,1986,8.1,"8.1 based on 203,217 votes"
151,Kill Bill: Vol. 1,http://www.imdb.com/title/tt0266697/?ref_=chttp_tt_151,2003,8.1,"8.1 based on 473,425 votes"
152,Sin City,http://www.imdb.com/title/tt0401792/?ref_=chttp_tt_152,2005,8.1,"8.1 based on 462,049 votes"
153,Strangers on a Train,http://www.imdb.com/title/tt0044079/?ref_=chttp_tt_153,1951,8.1,"8.1 based on 64,624 votes"
154,The Wizard of Oz,http://www.imdb.com/title/tt0032138/?ref_=chttp_tt_154,1939,8.1,"8.1 based on 193,634 votes"
155,Trainspotting,http://www.imdb.com/title/tt0117951/?ref_=chttp_tt_155,1996,8.1,"8.1 based on 315,037 votes"
156,The Thing,http://www.imdb.com/title/tt0084787/?ref_=chttp_tt_156,1982,8.1,"8.1 based on 176,288 votes"
157,The Grapes of Wrath,http://www.imdb.com/title/tt0032551/?ref_=chttp_tt_157,1940,8.1,"8.1 based on 42,531 votes"
158,Hotel Rwanda,http://www.imdb.com/title/tt0395169/?ref_=chttp_tt_158,2004,8.1,"8.1 based on 181,358 votes"
159,Annie Hall,http://www.imdb.com/title/tt0075686/?ref_=chttp_tt_159,1977,8.1,"8.1 based on 128,033 votes"
160,V for Vendetta,http://www.imdb.com/title/tt0434409/?ref_=chttp_tt_160,2005,8.1,"8.1 based on 512,356 votes"
161,The Secret in Their Eyes,http://www.imdb.com/title/tt1305806/?ref_=chttp_tt_161,2009,8.1,"8.1 based on 74,201 votes"
162,Warrior,http://www.imdb.com/title/tt1291584/?ref_=chttp_tt_162,2011,8.1,"8.1 based on 193,650 votes"
163,High Noon,http://www.imdb.com/title/tt0044706/?ref_=chttp_tt_163,1952,8.1,"8.1 based on 57,094 votes"
164,Finding Nemo,http://www.imdb.com/title/tt0266543/?ref_=chttp_tt_164,2003,8.1,"8.1 based on 410,141 votes"
165,My Neighbor Totoro,http://www.imdb.com/title/tt0096283/?ref_=chttp_tt_165,1988,8.1,"8.1 based on 89,182 votes"
166,Dial M for Murder,http://www.imdb.com/title/tt0046912/?ref_=chttp_tt_166,1954,8.1,"8.1 based on 66,377 votes"
167,How to Train Your Dragon,http://www.imdb.com/title/tt0892769/?ref_=chttp_tt_167,2010,8.1,"8.1 based on 252,844 votes"
168,Into the Wild,http://www.imdb.com/title/tt0758758/?ref_=chttp_tt_168,2007,8.1,"8.1 based on 265,590 votes"
169,Life of Brian,http://www.imdb.com/title/tt0079470/?ref_=chttp_tt_169,1979,8.1,"8.1 based on 184,610 votes"
170,The Avengers,http://www.imdb.com/title/tt0848228/?ref_=chttp_tt_170,2012,8.1,"8.1 based on 574,655 votes"
171,Notorious,http://www.imdb.com/title/tt0038787/?ref_=chttp_tt_171,1946,8.1,"8.1 based on 52,842 votes"
172,Million Dollar Baby,http://www.imdb.com/title/tt0405159/?ref_=chttp_tt_172,2004,8.1,"8.1 based on 306,067 votes"
173,The Terminator,http://www.imdb.com/title/tt0088247/?ref_=chttp_tt_173,1984,8.1,"8.1 based on 381,371 votes"
174,Network,http://www.imdb.com/title/tt0074958/?ref_=chttp_tt_174,1976,8.1,"8.1 based on 70,369 votes"
175,There Will Be Blood,http://www.imdb.com/title/tt0469494/?ref_=chttp_tt_175,2007,8.1,"8.1 based on 253,703 votes"
176,The Best Years of Our Lives,http://www.imdb.com/title/tt0036868/?ref_=chttp_tt_176,1946,8.1,"8.1 based on 28,029 votes"
177,Ben-Hur,http://www.imdb.com/title/tt0052618/?ref_=chttp_tt_177,1959,8.1,"8.1 based on 107,126 votes"
178,Rush,http://www.imdb.com/title/tt1979320/?ref_=chttp_tt_178,2013,8.1,"8.1 based on 42,611 votes"
179,Stand by Me,http://www.imdb.com/title/tt0092005/?ref_=chttp_tt_179,1986,8.1,"8.1 based on 183,661 votes"
180,The King's Speech,http://www.imdb.com/title/tt1504320/?ref_=chttp_tt_180,2010,8.1,"8.1 based on 290,843 votes"
181,Twelve Monkeys,http://www.imdb.com/title/tt0114746/?ref_=chttp_tt_181,1995,8.1,"8.1 based on 319,285 votes"
182,Groundhog Day,http://www.imdb.com/title/tt0107048/?ref_=chttp_tt_182,1993,8.1,"8.1 based on 284,253 votes"
183,The Night of the Hunter,http://www.imdb.com/title/tt0048424/?ref_=chttp_tt_183,1955,8,"8.0 based on 44,732 votes"
184,The Big Sleep,http://www.imdb.com/title/tt0038355/?ref_=chttp_tt_184,1946,8,"8.0 based on 47,356 votes"
185,The 400 Blows,http://www.imdb.com/title/tt0053198/?ref_=chttp_tt_185,1959,8,"8.0 based on 46,397 votes"
186,Donnie Darko,http://www.imdb.com/title/tt0246578/?ref_=chttp_tt_186,2001,8,"8.0 based on 400,529 votes"
187,Howl's Moving Castle,http://www.imdb.com/title/tt0347149/?ref_=chttp_tt_187,2004,8,"8.0 based on 122,287 votes"
188,Amores Perros,http://www.imdb.com/title/tt0245712/?ref_=chttp_tt_188,2000,8,"8.0 based on 121,556 votes"
189,Dog Day Afternoon,http://www.imdb.com/title/tt0072890/?ref_=chttp_tt_189,1975,8,"8.0 based on 127,467 votes"
190,Gandhi,http://www.imdb.com/title/tt0083987/?ref_=chttp_tt_190,1982,8,"8.0 based on 111,492 votes"
191,A Beautiful Mind,http://www.imdb.com/title/tt0268978/?ref_=chttp_tt_191,2001,8,"8.0 based on 348,267 votes"
192,Mary and Max,http://www.imdb.com/title/tt0978762/?ref_=chttp_tt_192,2009,8,"8.0 based on 68,631 votes"
193,The Bourne Ultimatum,http://www.imdb.com/title/tt0440963/?ref_=chttp_tt_193,2007,8,"8.0 based on 324,182 votes"
194,Before Midnight,http://www.imdb.com/title/tt2209418/?ref_=chttp_tt_194,2013,8,"8.0 based on 27,101 votes"
195,The Killing,http://www.imdb.com/title/tt0049406/?ref_=chttp_tt_195,1956,8,"8.0 based on 44,811 votes"
196,The Graduate,http://www.imdb.com/title/tt0061722/?ref_=chttp_tt_196,1967,8,"8.0 based on 150,371 votes"
197,The Princess Bride,http://www.imdb.com/title/tt0093779/?ref_=chttp_tt_197,1987,8,"8.0 based on 208,766 votes"
198,Persona,http://www.imdb.com/title/tt0060827/?ref_=chttp_tt_198,1966,8,"8.0 based on 36,864 votes"
199,Black Swan,http://www.imdb.com/title/tt0947798/?ref_=chttp_tt_199,2010,8,"8.0 based on 375,685 votes"
200,The Hustler,http://www.imdb.com/title/tt0054997/?ref_=chttp_tt_200,1961,8,"8.0 based on 43,970 votes"
201,The Exorcist,http://www.imdb.com/title/tt0070047/?ref_=chttp_tt_201,1973,8,"8.0 based on 216,079 votes"
202,Rocky,http://www.imdb.com/title/tt0075148/?ref_=chttp_tt_202,1976,8,"8.0 based on 222,238 votes"
203,The Man Who Shot Liberty Valance,http://www.imdb.com/title/tt0056217/?ref_=chttp_tt_203,1962,8,"8.0 based on 40,257 votes"
204,Who's Afraid of Virginia Woolf?,http://www.imdb.com/title/tt0061184/?ref_=chttp_tt_204,1966,8,"8.0 based on 38,459 votes"
205,Anatomy of a Murder,http://www.imdb.com/title/tt0052561/?ref_=chttp_tt_205,1959,8,"8.0 based on 32,518 votes"
206,Slumdog Millionaire,http://www.imdb.com/title/tt1010048/?ref_=chttp_tt_206,2008,8,"8.0 based on 429,225 votes"
207,The Manchurian Candidate,http://www.imdb.com/title/tt0056218/?ref_=chttp_tt_207,1962,8,"8.0 based on 53,534 votes"
208,In the Name of the Father,http://www.imdb.com/title/tt0107207/?ref_=chttp_tt_208,1993,8,"8.0 based on 66,194 votes"
209,La Strada,http://www.imdb.com/title/tt0047528/?ref_=chttp_tt_209,1954,8,"8.0 based on 32,663 votes"
210,8½,http://www.imdb.com/title/tt0056801/?ref_=chttp_tt_210,1963,8,"8.0 based on 54,678 votes"
211,"Monsters, Inc.",http://www.imdb.com/title/tt0198781/?ref_=chttp_tt_211,2001,8,"8.0 based on 332,558 votes"
212,Rope,http://www.imdb.com/title/tt0040746/?ref_=chttp_tt_212,1948,8,"8.0 based on 66,566 votes"
213,Life of Pi,http://www.imdb.com/title/tt0454876/?ref_=chttp_tt_213,2012,8,"8.0 based on 253,101 votes"
214,Fanny and Alexander,http://www.imdb.com/title/tt0083922/?ref_=chttp_tt_214,1982,8,"8.0 based on 27,593 votes"
215,Infernal Affairs,http://www.imdb.com/title/tt0338564/?ref_=chttp_tt_215,2002,8,"8.0 based on 64,208 votes"
216,Stalag 17,http://www.imdb.com/title/tt0046359/?ref_=chttp_tt_216,1953,8,"8.0 based on 33,758 votes"
217,Barry Lyndon,http://www.imdb.com/title/tt0072684/?ref_=chttp_tt_217,1975,8,"8.0 based on 69,959 votes"
218,The Truman Show,http://www.imdb.com/title/tt0120382/?ref_=chttp_tt_218,1998,8,"8.0 based on 412,329 votes"
219,The Wild Bunch,http://www.imdb.com/title/tt0065214/?ref_=chttp_tt_219,1969,8,"8.0 based on 51,534 votes"
220,Pirates of the Caribbean: The Curse of the Black Pearl,http://www.imdb.com/title/tt0325980/?ref_=chttp_tt_220,2003,8,"8.0 based on 523,196 votes"
221,Roman Holiday,http://www.imdb.com/title/tt0046250/?ref_=chttp_tt_221,1953,8,"8.0 based on 64,007 votes"
222,All Quiet on the Western Front,http://www.imdb.com/title/tt0020629/?ref_=chttp_tt_222,1930,8,"8.0 based on 38,557 votes"
223,A Fistful of Dollars,http://www.imdb.com/title/tt0058461/?ref_=chttp_tt_223,1964,8,"8.0 based on 83,295 votes"
224,Jurassic Park,http://www.imdb.com/title/tt0107290/?ref_=chttp_tt_224,1993,8,"8.0 based on 347,753 votes"
225,Memories of Murder,http://www.imdb.com/title/tt0353969/?ref_=chttp_tt_225,2003,8,"8.0 based on 34,445 votes"
226,Harry Potter and the Deathly Hallows: Part 2,http://www.imdb.com/title/tt1201607/?ref_=chttp_tt_226,2011,8,"8.0 based on 305,712 votes"
227,Star Trek,http://www.imdb.com/title/tt0796366/?ref_=chttp_tt_227,2009,8,"8.0 based on 365,810 votes"
228,Sleuth,http://www.imdb.com/title/tt0069281/?ref_=chttp_tt_228,1972,8,"8.0 based on 30,859 votes"
229,Shutter Island,http://www.imdb.com/title/tt1130884/?ref_=chttp_tt_229,2010,8,"8.0 based on 440,429 votes"
230,Ratatouille,http://www.imdb.com/title/tt0382932/?ref_=chttp_tt_230,2007,8,"8.0 based on 319,654 votes"
231,A Streetcar Named Desire,http://www.imdb.com/title/tt0044081/?ref_=chttp_tt_231,1951,8,"8.0 based on 61,169 votes"
232,Ip Man,http://www.imdb.com/title/tt1220719/?ref_=chttp_tt_232,2008,8,"8.0 based on 88,028 votes"
233,The Diving Bell and the Butterfly,http://www.imdb.com/title/tt0401383/?ref_=chttp_tt_233,2007,8,"8.0 based on 70,177 votes"
234,Rain Man,http://www.imdb.com/title/tt0095953/?ref_=chttp_tt_234,1988,8,"8.0 based on 279,639 votes"
235,The Hobbit: An Unexpected Journey,http://www.imdb.com/title/tt0903624/?ref_=chttp_tt_235,2012,8,"8.0 based on 361,326 votes"
236,Bringing Up Baby,http://www.imdb.com/title/tt0029947/?ref_=chttp_tt_236,1938,8,"8.0 based on 36,038 votes"
237,District 9,http://www.imdb.com/title/tt1136608/?ref_=chttp_tt_237,2009,7.9,"7.9 based on 391,454 votes"
238,Incendies,http://www.imdb.com/title/tt1255953/?ref_=chttp_tt_238,2010,7.9,"7.9 based on 37,572 votes"
239,Stalker,http://www.imdb.com/title/tt0079944/?ref_=chttp_tt_239,1979,7.9,"7.9 based on 43,884 votes"
240,Nausicaä of the Valley of the Wind,http://www.imdb.com/title/tt0087544/?ref_=chttp_tt_240,1984,7.9,"7.9 based on 53,923 votes"
241,La Haine,http://www.imdb.com/title/tt0113247/?ref_=chttp_tt_241,1995,7.9,"7.9 based on 64,647 votes"
242,Rosemary's Baby,http://www.imdb.com/title/tt0063522/?ref_=chttp_tt_242,1968,7.9,"7.9 based on 105,063 votes"
243,Beauty and the Beast,http://www.imdb.com/title/tt0101414/?ref_=chttp_tt_243,1991,7.9,"7.9 based on 190,876 votes"
244,The Artist,http://www.imdb.com/title/tt1655442/?ref_=chttp_tt_244,2011,7.9,"7.9 based on 134,573 votes"
245,Before Sunrise,http://www.imdb.com/title/tt0112471/?ref_=chttp_tt_245,1995,7.9,"7.9 based on 103,049 votes"
246,Mystic River,http://www.imdb.com/title/tt0327056/?ref_=chttp_tt_246,2003,7.9,"7.9 based on 258,102 votes"
247,3 Idiots,http://www.imdb.com/title/tt1187043/?ref_=chttp_tt_247,2009,7.9,"7.9 based on 84,730 votes"
248,Three Colors: Red,http://www.imdb.com/title/tt0111495/?ref_=chttp_tt_248,1994,7.9,"7.9 based on 43,839 votes"
249,Papillon,http://www.imdb.com/title/tt0070511/?ref_=chttp_tt_249,1973,7.9,"7.9 based on 63,362 votes"
250,Magnolia,http://www.imdb.com/title/tt0175880/?ref_=chttp_tt_250,1999,7.9,"7.9 based on 196,248 votes"
,,,,,
,"
          Prime Instant Video
          Unlimited Streamingof Movies & TV
        ",http://www.amazon.com/b?ie=UTF8&node=2676882011&tag=imdbpr1-20,,,
